fecha_iso,ancho_mm,alto_mm,categoria,serie
1980-10-03,230,162,mediano_grande,Exposición Filatélica de América y Europa. ESPAMER’80
1980-10-25,230,162,mediano_grande,Tapiz de la Creación. Gerona
1981-10-25,230,162,mediano_grande,El Guernica en España
1981-11-30,230,162,mediano_grande,Museo Postal. Madrid
1982-06-13,230,162,mediano_grande,Copa Mundial de Fútbol ESPAÑA’82
1984-04-27,230,162,mediano_grande,Exposición Mundial de Filatelia ESPAÑA’84
1985-10-18,230,162,mediano_grande,Exposición Filatélica Nacional EXFILNA’85
1986-10-07,230,162,mediano_grande,Exposición Filatélica Nacional EXFILNA’86 Córdoba
1987-03-18,235,155,mediano_grande,175 aniversario de la Constitución de 1812
1987-03-20,230,162,mediano_grande,Artesanía española
1987-10-02,250,190,mediano_grande,Exposición Filatélica de España y América. ESPAMER 87
1987-10-24,230,162,mediano_grande,Exposición Filatélica Nacional. EXFILNA ‘87
1987-10-30,230,162,mediano_grande,V Centenario del descubrimiento de América
1988-06-25,230,162,mediano_grande,Exposición Filatélica nacional. EXFILNA’88. Pamplona
1988-12-14,230,162,mediano_grande,Carlos III y la Ilustración
1989-05-20,230,162,mediano_grande,Exposición Filatélica Nacional EXFILNA’89. Toledo
1989-12-20,230,165,mediano_grande,Patrimonio Artístico Nacional
1990-05-18,250,190,mediano_grande,Artesanía española. Hierro
1990-05-25,230,160,mediano_grande,Exposición Filatélica Nacional EXFILNA’90. Zaragoza
1990-06-22,230,160,mediano_grande,Exposición de Filatelia Temática. FILATEM’90. Palencia
1990-11-28,250,190,mediano_grande,Patrimonio Artístico Nacional. Tapices
1991-04-19,228,162,mediano_grande,Granada’92. V Centenario de la fundación de Santa Fe
1991-05-03,249,188,mediano_grande,Patrimonio Artístico Nacional. Porcelana
1991-09-09,249,188,mediano_grande,Artesanía española. Muebles
1991-12-12,228,162,mediano_grande,Exposición Filatélica Nacional EXFILNA’91
1992-03-31,250,190,mediano_grande,V Centenario del descubrimiento de América
1992-04-20,250,190,mediano_grande,Exposición Universal de Sevilla. EXPO’92
1992-04-21,230,160,mediano_grande,Exposición Universal de Sevilla. EXPO’92
1992-04-24,230,160,mediano_grande,Exposición Mundial de Filatelia. Granada ‘92
1992-05-22,230,160,mediano_grande,Colón y el Descubrimiento
1992-07-25,230,160,mediano_grande,Juegos de la XXV Olimpiada Brcelona’92
1992-10-09,230,160,mediano_grande,Exposición Filatélica Nacional EXFILNA’92. Valladolid
1992-12-10,249,190,mediano_grande,Patrimonio Artístico Nacional. Códices
1993-04-02,228,162,mediano_grande,Exposición Filatélica Nacional EXFILNA’93. Alcañiz
1993-05-18,228,162,mediano_grande,Compostela’93
1994-02-25,228,162,mediano_grande,Minerales de España
1994-07-01,228,162,mediano_grande,Exposición Filatélica Nacional EXFILNA’94. Las Palmas de Gran Canaria
1994-10-27,248,190,mediano_grande,Deportes. Olímpicos de Oro
1995-01-30,228,162,mediano_grande,Exposición de Filatelia Temática FILATEM’95
1995-04-07,250,190,mediano_grande,Barcos de época
1995-06-02,250,190,mediano_grande,Deportes Olímpicos de Plata
1995-09-05,228,162,mediano_grande,17 Conferencia Internacional de Cartografía
1995-10-06,228,162,mediano_grande,Exposición Filatélica Nacional EXFILNA ’95. Málaga
1995-10-27,228,162,mediano_grande,Pintura española. Antonio María Esquivel
1996-04-19,250,190,mediano_grande,Barcos de época
1996-04-26,250,190,mediano_grande,"Deportes, Olímpicos de bronce"
1996-05-04,250,190,mediano_grande,ESPAMER’96. Sevilla
1996-05-04,250,190,mediano_grande,ESPAMER’96 y Aviación y Espacio’96 Sevilla
1996-10-11,228,162,mediano_grande,Exposición Filatélica Nacional EXFILNA’96. Vitoria
1996-12-05,250,190,mediano_grande,Mapa Oficial del Estado Autonómico
1997-04-18,250,190,mediano_grande,Barcos de época
1997-06-13,250,190,mediano_grande,Las Edades del Hombre
1997-10-04,229,162,mediano_grande,Exposición Filatélica Nacional EXFILNA’97 Gijón
1998-09-16,230,160,mediano_grande,Exposición Filatélica Nacional EXFILNA’98. Barcelona
1998-09-25,250,190,mediano_grande,Correspondencia epistolar escolar. Dibujos de Mingote
1998-11-11,230,160,mediano_grande,La Seo de San Salvador de Zaragoza
1998-12-29,230,160,mediano_grande,Exposición Mundial de Filatelia ESPAÑA 2000. Caballos cartujanos
1999-04-09,230,160,mediano_grande,Exposición Filatélica Nacional EXFILNA ’99. Zaragoza
1999-05-28,250,190,mediano_grande,Países del Euro
1999-06-18,230,162,mediano_grande,FILATEM-Universiada Palma 1999
1999-10-13,250,190,mediano_grande,Correspondencia Epistolar Escolar
1999-11-03,230,162,mediano_grande,Exposición Mundial de Filatelia ESPAÑA 2000 Obras del pintor José Manuel Gómez. Cartel de España 2000 y Logotipo de la Exposición
2000-01-03,250,190,mediano_grande,150 Aniversario del primer sello español
2000-02-24,230,160,mediano_grande,500 años del nacimiento de Carlos V
2000-06-16,230,160,mediano_grande,Exposición Filatélica Nacional EXFILNA 2000. Avilés
2000-07-14,250,190,mediano_grande,V Centenario de la Carta de Juan de la Cosa
2000-07-28,230,162,mediano_grande,Exposición Mundial de Filatelia ESPAÑA 2000
2000-09-22,250,190,mediano_grande,Correspondencia epistolar escolar
2000-10-06,230,162,mediano_grande,Exposición Mundial de Filatelia ESPAÑA 2000 Música. Alejandro Sanz
2000-10-06,230,162,mediano_grande,Exposición Mundial de Filatelia ESPAÑA 2000 Música. Julio Iglesias
2000-10-07,230,162,mediano_grande,Exposición Mundial de Filatelia ESPAÑA 2000 Cine. Antonio Banderas
2000-10-08,230,162,mediano_grande,Exposición Mundial de Filatelia ESPAÑA 2000 Moda. Jesús del Pozo
2000-10-09,230,162,mediano_grande,Exposición Mundial de Filatelia ESPAÑA 2000 Deporte. Miguel Indurain
2000-10-09,230,162,mediano_grande,Exposición Mundial de Filatelia ESPAÑA 2000 Deporte. Raul González
2000-10-10,230,162,mediano_grande,Exposición Mundial de Filatelia ESPAÑA 2000 Baile. Joaquín Cortés
2000-10-10,230,162,mediano_grande,Exposición Mundial de Filatelia ESPAÑA 2000 Baile. Sara Baras
2000-10-11,230,162,mediano_grande,"Exposición Mundial de Filatelia ESPAÑA 2000 Televisión. Chicho Ibáñez Serrador, Emilio Aragón y Bertín Osborne"
2000-10-12,230,162,mediano_grande,"Exposición Mundial de Filatelia ESPAÑA 2000 Radio. Iñaki Gabilondo, Nieves Herrero, Luis del Olmo y Luis Herrero"
2000-10-13,230,162,mediano_grande,"Exposición Mundial de Filatelia ESPAÑA 2000 Prensa. Carlos Romero, Mingote, Gallego y Rey, Tony y Jesús Zulet"
2001-09-21,230,162,mediano_grande,Exposición Filatélica nacional EXFILNA 2001. Vigo
2001-10-19,250,190,mediano_grande,Correspondencia Epistolar Escolar
2001-10-25,230,162,mediano_grande,Toros. Curro Romero
2001-11-30,250,190,mediano_grande,Patrimonio Mundial de la Humanidad
2001-12-11,250,190,mediano_grande,150 años del Ministerio de Fomento. Programa de Infraestructuras
2001-12-14,230,162,mediano_grande,25 Aniversario del Reinado de s. M. Juan Carlos I
2002-02-20,230,162,mediano_grande,La flor y el paisaje. Eduardo Naranjo
2002-02-22,230,162,mediano_grande,Exposición Mundial de Filatelia Juvenil. España 2002
2002-02-26,230,162,mediano_grande,Exposición Filatélica Hispano-Portuguesa PHILAIBERIA 2002. Tarazona
2002-05-11,250,192,mediano_grande,Juegos Ecuestres Mundiales. Campeonato del Mundo de Hípica Jerez de la Frontera
2002-06-07,250,192,mediano_grande,Exposición Filatélica Nacional EXFILNA 2002. Salamanca
2002-09-27,250,192,mediano_grande,Correspondencia epistolar escolar
2002-11-08,250,192,mediano_grande,Patrimonio Mundial
2002-11-18,230,162,mediano_grande,"Exposición Mundial de Filatelia Juvenil ESPAÑA 2002 Cine. Francisco Rabal, Iciar Bollaín y Julio Medem"
2002-11-19,230,162,mediano_grande,"Exposición Mundial de Filatelia Juvenil ESPAÑA 2002 TV. Cuéntame cómo pasó, Un Paso adelante y 7 Vidas"
2002-11-20,230,162,mediano_grande,Exposición Mundial de Filatelia Juvenil ESPAÑA 2002 Corresponsales de prensa. Diarios de mayor difusión
2002-11-21,230,162,mediano_grande,"Exposición Mundial de Filatelia Juvenil ESPAÑA 2002 Programas de Radio. El Tirachinas, 40 Principales, Onda Cero Noticias y Clásicos Populares"
2002-11-22,230,162,mediano_grande,"Exposición Mundial de Filatelia Juvenil ESPAÑA 2002 Deportes. Pedro Delgado, Paco Gento, Carlos Sáinz e I. U."
2002-11-23,230,162,mediano_grande,Exposición Mundial de Filatelia Juvenil ESPAÑA 2002 Música. No a la Piratería
2002-11-24,230,162,mediano_grande,"Exposición Mundial de Filatelia Juvenil ESPAÑA 2002 El capitán Alatriste, personaje de Arturo Pérez Reverte"
2002-11-27,230,162,mediano_grande,Arte español. Vidriera de la Catedral de Vitoria
2003-03-21,230,162,mediano_grande,"II Centenario de la Escuela de Ingenieros de Caminos, Canales y Puertos de Madrid"
2003-03-28,230,162,mediano_grande,Paisajes. Obras del pintor Chico Montilla
2003-04-07,230,162,mediano_grande,Exposición Filatélica Nacional EXFILNA 2003. Granada
2003-05-23,230,162,mediano_grande,X Campeonato del Mundo de Natación. Barcelona’03
2003-06-27,230,162,mediano_grande,Cien años del Real Automóvil Club de España RACE
2003-06-28,230,162,mediano_grande,La mujer y las flores. Obras de Alfredo Roldán
2003-09-26,230,162,mediano_grande,Vidrieras de la Catedral de Santa María de León
2003-10-01,230,162,mediano_grande,Centenario de la Real Sociedad Geográfica
2003-11-14,230,162,mediano_grande,Exposición Mundial de Filatelia ESPAÑA 2004
2003-11-24,230,162,mediano_grande,Plan Magna. Mapa Geológico Nacional
2003-12-05,230,162,mediano_grande,XXV Aniversario de la Constitución Española De los Derechos y Deberes Fundamentales Miguel Torner
2003-12-05,230,162,mediano_grande,XXV Aniversario de la Constitución Española De la Corona A. Campagnucci
2003-12-05,230,162,mediano_grande,XXV Aniversario de la Constitución Española De las Cortes Generales Enrique Jiménez Carrero
2003-12-05,230,162,mediano_grande,XXV Aniversario de la Constitución Española Del gobierno y la Administración Fesarpe
2003-12-05,230,162,mediano_grande,XXV Aniversario de la Constitución Española De las Relaciones del Gobierno y las Cortes Generales Goyo Dominguez
2003-12-05,230,162,mediano_grande,XXV Aniversario de la Constitución Española Del Poder Judicial Juan Bautista Nieto
2003-12-05,230,162,mediano_grande,XXV Aniversario de la Constitución Española Economía y Hacienda Rafael Seco Humbrías
2003-12-05,230,162,mediano_grande,XXV Aniversario de la Constitución Española De la Organización Territorial del Estado Araceli Alarcón
2003-12-05,230,162,mediano_grande,XXV Aniversario de la Constitución Española Del Tribunal Constitucional Enrique Jiménez Carrero
2003-12-05,230,162,mediano_grande,XXV Aniversario de la Constitución Española De la Reforma Constitucional Galicia
2004-01-16,230,162,mediano_grande,El románico aragonés Xacobeo 2004
2004-01-23,230,162,mediano_grande,La mujer y la lectura. Obras de Fabio Hurtado
2004-02-10,250,190,mediano_grande,Correspondencia epistolar escolar Ilustraciones del comic Trazo de Tiza
2004-03-08,230,162,mediano_grande,Monasterio de Santa María de Carracedo
2004-03-31,250,190,mediano_grande,Patrimonio Nacional. Relojes
2004-04-07,230,162,mediano_grande,Indumentarias. El mantón
2004-05-23,230,162,mediano_grande,Exposición Mundial de Filatelia ESPAÑA 2004. Valencia Música
2004-05-24,230,162,mediano_grande,Exposición Mundial de Filatelia ESPAÑA 2004. Valencia Monarquía
2004-05-25,230,162,mediano_grande,Exposición Mundial de Filatelia ESPAÑA 2004. Valencia Juan Carlos I
2004-05-26,230,162,mediano_grande,Exposición Mundial de Filatelia ESPAÑA 2004. Valencia Fiestas populares
2004-05-27,230,162,mediano_grande,Exposición Mundial de Filatelia ESPAÑA 2004. Valencia Deportes
2004-05-28,230,162,mediano_grande,Exposición Mundial de Filatelia ESPAÑA 2004. Valencia Valencia la ciudad del Mar
2004-07-22,250,190,mediano_grande,Cerámica Antonio Miguel González
2004-10-01,230,162,mediano_grande,Exposición Filatélica Nacional EXFILNA 2004. Valladolid
2004-12-02,230,162,mediano_grande,Vidrieras de la Catedral de Toledo
2005-01-03,250,190,mediano_grande,El circo. Obras de Manolo Élices
2005-02-14,250,190,mediano_grande,Para los niños. Canciones y cuentos populares Ilustraciones de Raquel Fariñas
2005-04-22,230,162,mediano_grande,IV Centenario de la publicación de El Quijote
2005-05-09,250,190,mediano_grande,Patrimonio Nacional. Abanicos
2005-06-20,230,162,mediano_grande,Exposición Filatélica Nacional EXFILNA 2005. Alicante
2005-09-16,250,190,mediano_grande,Para los niños. Los Lunnis
2005-10-10,230,162,mediano_grande,Jardines. Emisión conjunta con Irán
2005-10-20,250,190,mediano_grande,25 Aniversario de los Premios Príncipe de Asturias
2005-10-24,250,190,mediano_grande,Para los jóvenes. Al filo de lo Imposible
2005-11-02,230,162,mediano_grande,Vidrieras de la Catedral de Ávila
2006-01-02,250,190,mediano_grande,Juguetes
2006-03-22,250,190,mediano_grande,Deporte. Al filo de lo imposible
2006-04-24,230,162,mediano_grande,Personajes. Centenario de la muerte de Cristóbal Colón
2006-05-05,230,162,mediano_grande,Exposición Filatélica Nacional EXFILNA 2006. Algeciras
2006-05-24,230,162,mediano_grande,Exposición Mundial de Filatelia ESPAÑA 2006. Málaga
2006-09-14,230,162,mediano_grande,Puentes Ibéricos. Emisión conjunta con Portugal. Puente de Ayamonte y Puente de Alcántara
2006-10-02,230,162,mediano_grande,Campeonato del Mundo de Baloncesto. España Vencedora
2006-10-08,230,162,mediano_grande,"Exposición Mundial de Filatelia ESPAÑA 2006. Málaga La Moda, Vitorio & Luccino"
2006-10-09,230,162,mediano_grande,"Exposición Mundial de Filatelia ESPAÑA 2006. Málaga Cine, Alfredo Landa, Belén Rueda y Concha Velasco"
2006-10-10,230,162,mediano_grande,"Exposición Mundial de Filatelia ESPAÑA 2006. Málaga La Música, Víctor Manuel, Ana Belén y Miguel Ríos"
2006-10-10,230,162,mediano_grande,"Exposición Mundial de Filatelia ESPAÑA 2006. Málaga La Música, El Canto del Loco"
2006-10-11,230,162,mediano_grande,"Exposición Mundial de Filatelia ESPAÑA 2006. Málaga El Flamenco, Cristina Hoyos y José Mercé"
2006-10-12,230,162,mediano_grande,"Exposición Mundial de Filatelia ESPAÑA 2006. Málaga Deportes, Pau Gasol y Rafa Nadal"
2006-10-13,230,162,mediano_grande,Exposición Mundial de Filatelia ESPAÑA 2006. Málaga Museo Picasso
2006-11-03,230,162,mediano_grande,Vidriera de la Escuela Técnica Superior de Arquitectura de Madrid
2007-01-02,250,190,mediano_grande,Juguetes
2007-04-13,230,162,mediano_grande,25 Aniversario de la Movida Madrileña
2007-04-16,230,162,mediano_grande,Exposición Filatélica Nacional EXFILNA 2007. Palma de Mallorca
2007-07-12,250,190,mediano_grande,Deportes. Al filo de lo imposible
2007-09-06,230,162,mediano_grande,Faros
2007-09-13,230,162,mediano_grande,Arqueología mediterránea. Emisión conjunta con Grecia
2007-10-14,230,162,mediano_grande,Moda española. Cristóbal Balenciaga
2007-11-09,230,162,mediano_grande,Vidrieras. Banco de España
2008-01-02,230,162,mediano_grande,Juguetes
2008-04-16,230,162,mediano_grande,Juegos y deportes tradicionales
2008-04-23,230,162,mediano_grande,Europa. Bodegón con cartas de Enrique Jiménez Carrero
2008-04-28,230,162,mediano_grande,Exposición Filatélica Nacional EXFILNA 2008. Oviedo
2008-05-16,230,162,mediano_grande,Juegos y deportes tradicionales
2008-06-05,230,162,mediano_grande,Juegos y deportes tradicionales
2008-06-13,230,162,mediano_grande,Expo Zaragoza 2008
2008-07-04,230,162,mediano_grande,Expo Zaragoza 2008
2008-07-16,230,162,mediano_grande,Juegos y deportes tradicionales
2008-07-24,230,162,mediano_grande,Deportes. Selección española de fútbol
2008-07-29,230,162,mediano_grande,Patrimonio Nacional. Tapices
2008-09-02,230,162,mediano_grande,Faros
2008-10-09,230,140,mediano_grande,Juegos y deportes tradicionales
2008-10-23,230,162,mediano_grande,Moda española. Museo del Traje
2008-10-27,230,162,mediano_grande,Juegos y deportes tradicionales
2008-11-07,230,162,mediano_grande,"Bailes populares. Emisión conjunta con Irlanda Irish dance, Irlanda y Flamenco, España"
2008-11-14,230,162,mediano_grande,Vidriera de la Real Academia Española
2009-01-02,230,162,mediano_grande,Autonomías
2009-04-15,230,162,mediano_grande,Faros
2009-04-27,230,162,mediano_grande,Bailes y danzas populares. Las Sevillanas
2009-05-29,230,162,mediano_grande,Vidrieras. F.N.M.T. de Burgos
2009-06-15,230,162,mediano_grande,Moda española. Manuel Piña
2009-07-06,230,162,mediano_grande,Patrimonio Nacional. Tapices
2009-07-10,230,162,mediano_grande,X Aniversario de la creación del Euro
2009-09-09,230,162,mediano_grande,Arquitectura
2009-10-06,230,162,mediano_grande,Exposición Filatélica Nacional EXFILNA 2009. Irún
2009-10-15,230,162,mediano_grande,Bailes y danzas populares. La Jota
2009-10-22,230,162,mediano_grande,Pintura. La Infanta Margarita Teresa y Las Meninas de Velázquez
2009-10-31,230,162,mediano_grande,Navidad. Adoración al Niño
2010-01-02,230,162,mediano_grande,Autonomías
2010-02-18,230,162,mediano_grande,Cerámica española. Talavera
2010-03-04,230,162,mediano_grande,Catedrales de Plasencia
2010-04-21,230,162,mediano_grande,Expo Shanghai 2010
2010-05-06,230,162,mediano_grande,Efemérides. 1100 Aniversario del Reino de León
2010-06-19,230,162,mediano_grande,Exposición Nacional de Filatelia Temática FILATEM 2010. Avilés
2010-07-12,230,162,mediano_grande,Patrimonio Nacional. Tapices
2010-07-15,230,162,mediano_grande,Catedral de Segovia
2010-09-17,230,162,mediano_grande,Patrimonio Mundial. Mezquita Catedral de Córdoba
2010-09-20,230,162,mediano_grande,Faros
2010-10-15,230,162,mediano_grande,Moda española. Manuel Pertegaz
2010-10-18,230,162,mediano_grande,Alianza de Civilizaciones. Emisión conjunta con Turquía
2010-10-18,230,162,mediano_grande,Exposición Filatélica Nacional EXFILNA 2010. Madrid
2010-10-21,230,162,mediano_grande,Deportes. España Campeona del Mundial de Futbol de la FIFA
2010-11-05,230,162,mediano_grande,Milenario del Monasterio de San Salvador de Oña. Burgos
2010-11-08,230,162,mediano_grande,Catedral de Santiago. Bilbao
2011-01-03,230,162,mediano_grande,Autonomías
2011-03-04,230,162,mediano_grande,Catedral de Sigüenza
2011-04-11,230,162,mediano_grande,Faros
2011-04-26,230,162,mediano_grande,Premio Goya de Honor
2011-05-12,230,162,mediano_grande,Patrimonio Mundial. Alhambra de Granada
2011-05-26,230,162,mediano_grande,Patrimonio Nacional. Tapices
2011-05-31,230,162,mediano_grande,Centenario de la Aviación Militar Española
2011-07-13,230,162,mediano_grande,Catedral de Albarracín
2011-09-05,230,162,mediano_grande,Cerámica española. Cerámica de Manises
2011-09-12,230,162,mediano_grande,Arte contemporáneo. Antoni Tapies
2011-09-19,250,190,mediano_grande,Selección española de fútbol 1900-2010
2011-10-01,230,162,mediano_grande,Exposición Filatélica Nacional EXFILNA 2011. Valladolid
2011-10-20,230,162,mediano_grande,Moda española. Elio Berhanyer
2011-11-08,230,162,mediano_grande,Catedral de Tarazona
2012-01-02,230,162,mediano_grande,Arcos y Puertas monumentales
2012-01-02,230,162,mediano_grande,Todos por Lorca
2012-03-08,230,162,mediano_grande,Patrimonio Nacional. Tapices
2012-03-16,230,162,mediano_grande,Patrimonio Nacional. Catedral de Burgos
2012-04-02,230,162,mediano_grande,Instrumentos musicales
2012-04-17,230,162,mediano_grande,Catedral de Sevilla
2012-05-21,230,162,mediano_grande,Catedral de Toledo
2012-05-30,230,162,mediano_grande,Coches de época
2012-06-14,230,162,mediano_grande,Catedral de Santiago de Compostela
2012-07-01,230,162,mediano_grande,Catedral de Oviedo
2012-07-18,230,162,mediano_grande,Arte contemporáneo. Manolo Valdés
2012-09-10,230,162,mediano_grande,Catedral de Palma de Mallorca
2012-09-17,230,162,mediano_grande,Moda española. Pedro del Hierro
2012-10-05,230,162,mediano_grande,Exposición Filatélica Nacional EXFILNA 2012. Calahorra
2012-10-09,230,162,mediano_grande,Catedral de Barcelona
2012-11-06,230,162,mediano_grande,Deportes. Campeón España. Copa de la UEFA EURO 2012
2012-11-15,230,162,mediano_grande,Catedral de León
2013-01-02,230,162,mediano_grande,Arcos y Puertas Monumentales
2013-02-22,230,162,mediano_grande,Instrumentos musicales
2013-03-11,230,162,mediano_grande,Arte contemporáneo. Antonio López
2013-03-15,230,162,mediano_grande,Coches de época
2013-03-21,230,162,mediano_grande,Patrimonio Mundial. Real Monasterio de San Lorenzo de El Escorial
2013-04-08,230,162,mediano_grande,"Cine español. Rafael Gil, Fernando Fernán Gómez y Toni Leblanc"
2013-04-25,230,162,mediano_grande,Patrimonio Nacional. Tapices
2013-05-04,230,162,mediano_grande,Puentes de España. Ribadeo
2013-06-03,230,162,mediano_grande,Fauna marina en peligro de extinción
2013-07-09,230,162,mediano_grande,XXIII Campeonato del mundo de balonmano. Campeones
2013-09-12,230,162,mediano_grande,Moda española. Paco Rabanne
2013-09-18,230,162,mediano_grande,Valores cívicos escolares
2013-09-20,230,162,mediano_grande,Exposición Filatélica Nacional EXFILNA 2013. León
2013-09-25,230,162,mediano_grande,Puentes de España. Puente del Pilar. Zaragoza
2013-09-25,230,162,mediano_grande,Puentes de España. Puente romano de Mérida
2013-10-09,230,162,mediano_grande,Puentes de España. Puente de Frías. Burgos
2013-10-09,230,162,mediano_grande,Puentes de España. Puente de Toledo. Madrid
2013-10-09,250,190,mediano_grande,150 años de la Cruz Roja. Emisión conjunta España-Bélgica
2013-11-05,230,162,mediano_grande,Efemérides. 75 Cumpleaños de SS.MM. Los Reyes de España
2013-11-15,230,162,mediano_grande,Personajes. Adolfo Suárez González
2014-01-02,230,162,mediano_grande,Arcos y Puertas monumentales
2014-02-03,230,162,mediano_grande,Coleccionismo 2014
2014-02-06,230,162,mediano_grande,"Arquitectura rural. Molino manchego, Hórreo asturiano y Barraca valenciana"
2014-02-27,230,162,mediano_grande,Exposición Filatélica Nacional EXFILNA 2014. Torremolinos
2014-03-24,230,162,mediano_grande,Patrimonio Mundial. Parque Güell
2014-04-24,230,162,mediano_grande,Gastronomía Española
2014-05-08,230,162,mediano_grande,Patrimonio Inmaterial de la Humanidad
2014-06-12,230,162,mediano_grande,Deportes. Copa Mundial FIFA Brasil 2014
2014-06-19,250,190,mediano_grande,Conjuntos urbanos Patrimonio de la Humanidad. Toledo
2014-06-19,230,162,mediano_grande,"Efemérides, IV Centenario del fallecimiento de El Greco"
2014-07-08,230,162,mediano_grande,Arte contemporáneo. Miquel Barceló
2014-07-11,230,162,mediano_grande,"Cine español. Manolo Escobar, Sara Montiel y Alfredo Landa"
2014-07-17,230,162,mediano_grande,Vehículos de época. Harely Davidson
2014-09-18,230,162,mediano_grande,Patrimonio Nacional. Tapices
2014-10-09,250,190,mediano_grande,Humor gráfico. Forges
2014-10-12,230,162,mediano_grande,S.M. Don Felipe VI. Rey de España
2014-10-20,230,162,mediano_grande,Fauna protegida
2014-11-07,230,162,mediano_grande,Valores cívicos escolares. “Platero y yo” Juan Ramón Jiménez
2014-11-11,250,190,mediano_grande,Navidad
2015-01-02,250,190,mediano_grande,Arcos y Puertas monumentales
2015-01-28,229,162,mediano_grande,Gastronomía española. Capital española de la Gastronomía 2014 Vitoria y Cáceres 2015
2015-02-03,229,162,mediano_grande,Coleccionismo
2015-03-13,229,162,mediano_grande,Exposición Filatélica Nacional EXFILNA 2015. Avilés
2015-04-27,229,162,mediano_grande,Patrimonio Nacional. Cueva de Altamira
2015-05-13,250,190,mediano_grande,Conjuntos urbanos Patrimonio de la Humanidad. Segovia
2015-05-14,250,190,mediano_grande,Tecnologías de la Información y la Comunicación. TICS
2015-06-17,229,162,mediano_grande,Efemérides. 400 años de la Casa de la Moneda de Madrid
2015-07-02,229,162,mediano_grande,Humor Gráfico. Peridis
2015-07-13,229,162,mediano_grande,Arte arquitectónico. Eduardo Chillida
2015-07-21,229,162,mediano_grande,Fauna protegida
2015-07-23,229,162,mediano_grande,Efemérides. XXV Aniversario del Tribunal Constitucional
2015-09-25,229,162,mediano_grande,Gastronomía D.O. Protegidas de Galicia
2015-10-14,229,162,mediano_grande,Patrimonio artístico. Mural de Joan Miró
2015-11-06,229,162,mediano_grande,Vehículos de época. Motos campeonas
2016-01-02,229,162,mediano_grande,S.M. Don Felipe VI. Serie básica
2016-02-17,229,162,mediano_grande,Coleccionismo. EXFILNA ECC. Zaragoza
2016-02-29,229,162,mediano_grande,"300 años de Correos en España, 1716-2016"
2016-03-16,229,162,mediano_grande,Tradiciones y Costumbres. Semana Santa
2016-03-21,297,210,extra_grande,"Pueblos con Encanto. Albarracín, La Alberca, Alcalá del Júcar y Santillana del Mar"
2016-04-21,229,162,mediano_grande,"300 años de Correos en España, 1716-2016"
2016-05-12,250,190,mediano_grande,Conjuntos urbanos Patrimonio de la Humanidad. Salamanca
2016-05-24,250,190,mediano_grande,Humor gráfico. Gallego & Rey
2016-06-09,229,162,mediano_grande,Gastronomía. D.O. Protegidas De Castilla-La Mancha
2016-07-14,229,162,mediano_grande,Arte contemporáneo español. Jaume Plensa
2016-07-18,229,162,mediano_grande,Fauna protegida
2016-09-14,229,162,mediano_grande,Exposición Filatélica Nacional EXFILNA 2016. Zaragoza
2016-09-14,229,162,mediano_grande,"300 años de Correos en España, 1716-2016"
2016-09-21,250,190,mediano_grande,Valores cívicos escolares. Solidaridad
2016-09-23,229,162,mediano_grande,Patrimonio artístico. Murales del Pabellón 12 de IFEMA
2016-10-06,229,162,mediano_grande,Patrimonio Mundial. Acueducto de Segovia
2016-10-07,229,162,mediano_grande,Vehículos de época. Coches campeones
2016-10-10,229,162,mediano_grande,"Arquitectura rural. Noria de la Albolafia, Cortijo andaluz y Cigarral"
2016-10-20,229,162,mediano_grande,La Generación de los 50
2017-02-10,229,162,mediano_grande,Efemérides. Reapertura del Teatro Real. Madrid
2017-03-10,325,230,extra_grande,"Pueblos con Encanto. Ainsa, Calatayud, Lastres y Urueña"
2017-03-21,229,162,mediano_grande,Humor gráfico. Quino
2017-04-05,229,162,mediano_grande,"Tradiciones y costumbres. Semana Santa del Bajo Aragón, Cáceres, Zamora y Málaga"
2017-05-03,305,215,extra_grande,Historia de España. Gallego & Rey
2017-05-08,250,190,mediano_grande,TIC. Videojuegos. La Abadía del Crimen
2017-05-10,250,190,mediano_grande,Patrimonio Mundial. Monumentos de Oviedo y Reino de Asturias
2017-05-23,250,190,mediano_grande,Cine. Star Wars. Darth Vader
2017-07-10,229,162,mediano_grande,La Generación de los 60
2017-07-10,229,162,mediano_grande,La Generación de los 70
2017-07-17,229,162,mediano_grande,Oficio y aficiones. Papiroflexia
2017-07-20,229,162,mediano_grande,Arte contemporáneo. Alberto Schommer
2017-09-20,229,162,mediano_grande,Gastronomía. D.O. de la Región de Murcia
2017-10-05,229,162,mediano_grande,Patrimonio Artístico. Estelas Gigantes de Cantabria
2017-10-09,229,162,mediano_grande,Exposición Filatélica Nacional EXFILNA 2017. Portugalete
2017-10-27,250,190,mediano_grande,Conjuntos urbanos Patrimonio de la Humanidad. Granada
2017-11-10,229,162,mediano_grande,Descubridores de Oceanía. Luis Váez de Torres y Pedro Fernández de Quirós
2018-02-14,229,162,mediano_grande,Arte contemporáneo. Eduardo Arroyo
2018-02-28,229,162,mediano_grande,Patrimonio Mundial. Santiago de Compostela
2018-03-13,305,215,extra_grande,"Pueblos con encanto. El Castell de Guadalest, Villanueva de la Jara, Chichón y Fromalutx"
2018-03-23,229,162,mediano_grande,Selección española de balonmano. Campeones Europa 2018
2018-04-03,229,162,mediano_grande,Los Caminos de Santiago del Norte Peninsular
2018-04-13,250,190,mediano_grande,"Cine, Star Wars, Han Solo"
2018-04-19,229,162,mediano_grande,50 Aniversario de la Feria Nacional del Sello. Madrid
2018-04-27,229,162,mediano_grande,Humor gráfico. 25 Aniversario de la Academia del Humor Internacional
2018-05-25,229,162,mediano_grande,12 meses 12 sellos. Catedral de León
2018-09-10,229,162,mediano_grande,La Generación de los 80
2018-09-10,229,162,mediano_grande,La Generación de los 90
2018-09-21,229,162,mediano_grande,Gastronomía. D.O. Protegidas de Castilla y León
2018-09-28,250,190,mediano_grande,Patrimonio Artístico. Cuenca. Casas de colores
2018-09-28,250,190,mediano_grande,Cine. Harry Poter
2018-10-31,229,162,mediano_grande,Exposición Filatélica Nacional EXFILNA 2018. Sevilla
2018-11-07,250,190,mediano_grande,Flora. Árbol histórico. “El Abuelo” Lugo
2018-11-08,250,190,mediano_grande,Conjunto urbanos Patrimonio de la Humanidad. Cuenca
2019-03-11,305,215,extra_grande,"Pueblos con encanto. Covarrubias, Laguardia, Liérganes y Ujué"
2019-03-18,250,190,mediano_grande,Efemérides. Centenario del Valencia C.F.
2019-03-19,250,190,mediano_grande,Patrimonio Mundial. Centro Histórico de Ávila y sus Iglesias de extramuros
2019-03-29,250,190,mediano_grande,Personajes. Mariano Bertuchi Nieto
2019-05-07,250,190,mediano_grande,Exposición Nacional de Filatelia Juvenil JUVENIA 2019. Burgos
2019-05-27,229,162,mediano_grande,Arte Contemporáneo. Centenario de César Manrique
2019-06-12,229,162,mediano_grande,Humor gráfico. Antonio Fraguas “Forges”
2019-06-13,229,162,mediano_grande,Efemérides. 50 Aniversario de la llegada del hombre a la Luna
2019-06-14,250,190,mediano_grande,Efemérides. Centenario del Palacio de Comunicaciones de Madrid
2019-09-05,229,162,mediano_grande,Los Caminos de Santiago del Norte Peninsular
2019-09-12,250,190,mediano_grande,Emisión conjunta España Portugal. Centenario de la expedición Magallanes-Elcano
2019-09-19,229,162,mediano_grande,La Generación del 2000
2019-09-26,229,162,mediano_grande,Gastronomía D.O Protegidas de Cantabria
2019-09-27,229,162,mediano_grande,Patrimonio Artístico. Teatro Campoamor de Oviedo
2019-09-30,229,162,mediano_grande,Efemérides. Centenario del Parque Nacional Montañas de Covadonga
2019-10-30,250,190,mediano_grande,Conjuntos urbanos Patrimonio de la Humanidad. Úbeda y Baeza
2019-11-04,229,162,mediano_grande,Series de Televisión. The Simmpsons
2019-11-06,250,190,mediano_grande,Exposición Filatélica Nacional EXFILNA 2019. Santander
2019-11-06,250,190,mediano_grande,Cine español. D’Artacán
2020-03-13,305,215,extra_grande,"Pueblos con encanto. Ciudad Rodrigo, Morella, Tejeda y Valverde de los Arroyos"
2020-03-19,250,190,mediano_grande,Patrimonio Mundial. Arquitectura Mudéjar de Aragón
2020-03-20,229,162,mediano_grande,Gastronomía I.G.P. y D.O.P. de Asturias
2020-03-30,250,190,mediano_grande,Los Caminos de Santiago del Norte Peninsular
2020-05-14,229,162,mediano_grande,Efemérides. 75 Aniversario del Decreto de creación del D.N.I.
2020-05-14,229,162,mediano_grande,Efemérides. 150 Aniversario Instituto Geográfico Nacional
2020-06-11,229,162,mediano_grande,Ocio y aficiones. Juego de cartas.
2020-06-12,229,162,mediano_grande,Humor gráfico. Ricardo
2020-06-25,229,162,mediano_grande,Arte Contemporáneo. Lucio Muñoz
2020-06-26,250,190,mediano_grande,Mujeres en el Deporte: Olímpicas Primera medallista Blanca Fernández Ochoa
2020-07-08,229,162,mediano_grande,Gastronomía. España en 19 platos. Extremadura
2020-09-14,229,162,mediano_grande,Aniversarios. 150 aniversario Instituto Geográfico Nacional
2020-09-16,229,162,mediano_grande,Efemérides. Centenario de la Selección Española de Fútbol
2020-09-21,229,162,mediano_grande,La Generación de la década del 2010
2020-09-30,250,190,mediano_grande,Centros urbanos Patrimonio de la Humanidad. Tarragona
2020-10-01,229,162,mediano_grande,COVID-19
2020-10-02,229,162,mediano_grande,Reconocimiento. Coleccionistas filatélicos
2020-10-05,229,162,mediano_grande,Patrimonio Mundial. Paisaje cultural de Risco Caído y las Montañas Sagradas de Gran Canaria.
2020-10-05,229,162,mediano_grande,Patrimonio Mundial. Ciudad Califal de Medina Azahara
2020-10-13,250,190,mediano_grande,"América UPAEP. Arquitectura. Rascacielos Sky Line, Madrid"
2020-10-28,250,190,mediano_grande,Exposición Filatélica Nacional EXFILNA 2020. Cáceres EXFILNA VIRTUAL por COVID-19
2020-11-09,229,162,mediano_grande,Música. Géneros musicales. Ludwig van Beethoven
2020-11-10,229,162,mediano_grande,Arquitectura Urbana. Hipódromo de la Zarzuela
2021-03-11,305,215,extra_grande,"Pueblos con encanto. Bárcena Mayor, Capileira, Miranda del Castañar y Torazu"
2021-03-18,250,190,mediano_grande,Gestión de Residuos COVID-19
2021-03-19,250,190,mediano_grande,Patrimonio Mundial Centro Histórico de Toledo
2021-03-22,229,162,mediano_grande,Gastronomía. D.O. Protegidas Islas Baleares
2021-03-26,250,190,mediano_grande,Ocio y aficiones. Parque temático Puy du Fou
2021-03-29,250,190,mediano_grande,Los Caminos de Santiago del Norte peninsular.
2021-03-31,229,162,mediano_grande,Humor gráfico. Mikel Urmeneta
2021-05-03,305,215,extra_grande,Efemérides. 300 Aniversario del Primer Mapa Postal de España
2021-06-01,229,162,mediano_grande,Efemérides. VII Centenario de la Catedral de Palencia
2021-06-24,229,162,mediano_grande,Reconocimiento. Operación Balmis y Francisco Javier de Balmis y Berenguer
2021-06-28,229,162,mediano_grande,Mujeres en el Deporte Olímpicas Primeras medallistas por equipos femeninos españoles
2021-06-30,229,162,mediano_grande,"Gastronomía. España en 19 Platos. Madrid, cocido madrileño"
2021-06-30,229,162,mediano_grande,ARCO. Feria Internacional de Arte Contemporáneo
2021-07-05,229,162,mediano_grande,Numismática. Último billete y moneda de Peseta
2021-07-20,229,162,mediano_grande,Efemérides. VIII Centenario de la Catedral de Burgos
2021-07-23,229,162,mediano_grande,España en 19 Platos. Galicia. Pulpo a feira
2021-09-01,229,162,mediano_grande,Efemérides. 75 Aniversario del Servicio Filatélico Español
2021-09-10,229,162,mediano_grande,España en 19 Platos. Pa amb tomàquet
2021-09-30,250,190,mediano_grande,Conjuntos urbanos Patrimonio de la Humanidad. Cáceres
2021-09-30,229,162,mediano_grande,Patrimonio Mundial. Sitio de arte rupestre Valle del Còa y de Siega Verde
2021-09-30,229,162,mediano_grande,Efemérides. 450 Aniversario de la Batalla de Lepanto
2021-10-14,229,162,mediano_grande,Grandes Logros en el Extranjero. Museo del Louvre en Abu Dabi
2021-10-21,229,162,mediano_grande,Exposición Filatélica Nacional EXFILNA 2021. Lugo
2021-11-05,229,162,mediano_grande,Salud y Bienestar. Vivir es Urgente
2021-11-09,229,162,mediano_grande,Exposición Nacional de Filatelia Juvenil JUVENIA 2021. Oviedo Videojuegos. League of Legends
2022-02-28,229,162,mediano_grande,"España en 19 platos. Andalucía, Gazpacho"
2022-03-03,229,162,mediano_grande,Medicina. Luis Simarro Lacabra
2022-03-08,229,162,mediano_grande,Día Internacional de la mujer. 8M todo el año
2022-03-21,305,215,extra_grande,"Pueblos con encantos. Calaceite, Medinaceli, Olivenza y Tudanca"
2022-03-22,250,190,mediano_grande,Patrimonio Mundial. Parque Nacional de Garajonay
2022-03-22,229,162,mediano_grande,Gastronomía. D.O. Protegidas. La Rioja
2022-03-31,229,162,mediano_grande,Humor gráfico. El roto
2022-06-10,250,190,mediano_grande,Flora. Ilustración Botánica. Punica Grantum L.
2022-06-17,229,162,mediano_grande,Gastronomía. España en 19 platos. Comunitat Valenciana. La Paella
2022-07-02,229,162,mediano_grande,Numismática. Xacobeo 2021-22
2022-09-20,229,162,mediano_grande,Ciencia. Expediciones a la Antártida
2022-09-21,250,190,mediano_grande,EXFILNA 2022. Irún 500 años de la Batalla de San Marcial
2022-09-24,229,162,mediano_grande,Efemérides. Erupción del Volcán Cumbre Vieja. La Palma 2021
2022-09-30,250,190,mediano_grande,Efemérides. V Centenario del fallecimiento de Elio Antonio de Nebrija
2022-10-05,229,162,mediano_grande,"Oficios y Aficiones. Papiroflexia, Grulla"
2022-10-18,229,162,mediano_grande,Patrimonio Mundial Patrimonio del Mercurio de Almadén e Idria
2022-10-25,229,162,mediano_grande,Gastronomía. España en 19 Platos. País Vasco. Bacalao al Pil-Pil
2022-11-10,229,162,mediano_grande,Salud y Bienestar. VIH. IDETESTABLE-INTRANSMISIBLE
2023-01-16,250,190,mediano_grande,Efemérides. 50 Aniv. del Edificio Muralla Roja de Calpe
2023-02-20,229,162,mediano_grande,Gastronomía. Denominación de Origen Protegida. Canarias
2023-03-17,250,190,mediano_grande,Patrimonio Mundial. Cáceres
2023-03-27,305,215,extra_grande,"Pueblos con encantos. Bagergue, Briones, Pedraza y Ponte Maceira"
2023-03-30,229,162,mediano_grande,Humor Gráfico. Máximo
2023-03-31,229,162,mediano_grande,Gastronomía. España en 19 platos. Islas Baleares. Ensaimada
2023-04-19,250,190,mediano_grande,EXFILNA 2023. Teruel. Catedral de Santa María de Mediavilla
2023-06-28,229,162,mediano_grande,Numismática. Billete de 100 pesetas
2023-06-30,250,190,mediano_grande,Deportes. Ciclismo
2023-07-03,229,162,mediano_grande,UE 2023. Numismática. Presidencia española de la Unión Europea
2023-07-15,250,190,mediano_grande,Conjuntos Urbanos Patrimonio de la Humanidad Ibiza/Eibissa
2023-07-24,229,162,mediano_grande,"Gastronomía. España en 19 platos. Cantabria, cocido montañés"
2023-09-22,229,162,mediano_grande,Gastronomía. España en 19 platos. Castilla-La Mancha. Perdiz de la toledana
2023-09-29,229,162,mediano_grande,Oficio y Aficiones. Astronomía
2023-10-05,250,190,mediano_grande,Ciudad sostenible. Parques históricos de Madrid
2023-10-18,229,162,mediano_grande,Pintura. Juan Fernández de Navarrete. El Mudo.
2023-10-20,229,162,mediano_grande,Patrimonio Mundial. El paisaje cultural de la Sierra de Tramuntana-
2023-10-26,229,162,mediano_grande,Música. Rozalen. La puerta violeta
2023-11-17,229,162,mediano_grande,Ciencia. Año de investigación. Santiago Ramón y Cajal. Homenaje Escuela Neurohistológica Española.
2023-12-19,229,162,mediano_grande,Deportes. Elección Española de Fútbol. ¡Campeonas!
2024-01-12,229,162,mediano_grande,Efemérides. 200 años de la Policía Nacional!
2024-03-22,229,162,mediano_grande,Efemérides. V Centenario de la Catedral de Granada
2024-03-25,229,162,mediano_grande,Gastronomía. D.O. Protegidas. Extremadura Cereza del Jerte y Pimentón de la Vera
2024-03-26,229,162,mediano_grande,Pintura. Menchu Gal
2024-04-26,250,190,mediano_grande,"Patrimonio mundial. Sevilla, Real Alcázar"
2024-04-29,305,215,extra_grande,"Pueblos con encantos. Betancuria, Hita, Nuevo Baztán y Peñíscola"
2024-05-22,229,162,mediano_grande,Gastronomía. España en 12 platos. Murcia. Caldero del Mar Menor
2024-05-30,229,162,mediano_grande,Ferias del Libro. Feria del Libro. Madrid
2024-06-28,229,162,mediano_grande,Humor gráfico. Flavita Banana
2024-07-10,229,162,mediano_grande,Personajes. Francisco Ibáñez.
2024-07-22,229,162,mediano_grande,Camino de Santiago. Fiestas del Apóstol de Santiago de Compostela.
2024-09-17,229,162,mediano_grande,Gastronomía. España en 19 platos. Castilla y León. Lechazo.
2024-09-27,250,190,mediano_grande,Básica S.M. El Rey Felipe VI.
2024-10-03,250,190,mediano_grande,EXFILNA 2024. Valladolid.
2024-11-04,250,190,mediano_grande,Efemérides. 55º aniversario de la proclamación de Isabel la Católica como reina de Castilla.
2024-11-04,250,190,mediano_grande,Conjuntos Urbanos Patrimonio de la Humanidad. Mérida.
2024-11-05,250,190,mediano_grande,Arte urbano. Homenaje a “La Violonchelista de Fene” por Sfhir. Fene (A Coruña)
2025-02-27,229,162,mediano_grande,Gastronomía. Comunidad de Madrid Aceite de Madrid y carne de la Sierra de Guadarrama.
2025-03-07,229,162,mediano_grande,Pintura. Juana Francés.
2025-03-21,229,162,mediano_grande,Numismática Billete de 25 pesetas. (1874)
2025-03-24,229,162,mediano_grande,Patrimonio Mundial Salamanca. Convento de San Esteban.
2025-04-22,229,162,mediano_grande,Gastronomía: España en 19 platos. Aragón. Pollo al chilindrón.
2025-04-29,229,162,mediano_grande,Humor gráfico. Núria Pompeia.
2025-06-17,229,162,mediano_grande,Gastronomía. Navarra. Menestra de verduras.
2025-07-01,229,162,mediano_grande,Derechos civiles. 20 años Matrimonio igualitario.
2025-09-17,229,162,mediano_grande,"Gastronomía. España en 19 platos, Melilla. Rape a la rusadir."
2025-09-26,229,162,mediano_grande,"Gastronomía. España en 19 platos, Ceuta. Estofado de atún."
2025-10-17,229,162,mediano_grande,Ciencia. Mujeres en la Escuela Cajal.
2025-11-06,229,162,mediano_grande,EXFILNA’25. Ayuntamiento de Cádiz.
2025-11-07,229,162,mediano_grande,Casa Real Española.
